,precision,recall,f1-score,support
Clase 0,0.8353413654618473,0.9506398537477148,0.8892689183411714,1094.0
Clase 1,0.6094570928196147,0.5585874799357945,0.5829145728643216,623.0
Clase 2,0.6990049751243781,0.6978476821192053,0.6984258492129245,1208.0
Clase 3,0.7879656160458453,0.5467196819085487,0.6455399061032864,1006.0
Clase 4,0.2627986348122867,0.9390243902439024,0.4106666666666667,82.0
accuracy,0.7121853974582607,0.7121853974582607,0.7121853974582607,0.7121853974582607
macro avg,0.6389135368527945,0.7385638175910332,0.6453631826376742,4013.0
weighted avg,0.7356581436304155,0.7121853974582607,0.713382061703339,4013.0
