,precision,recall,f1-score,support
Clase 0,0.8633776091081594,0.8318098720292505,0.8472998137802608,1094.0
Clase 1,0.5006657789613849,0.6035313001605136,0.5473071324599709,623.0
Clase 2,0.6877777777777778,0.5124172185430463,0.5872865275142314,1208.0
Clase 3,0.6419558359621451,0.8091451292246521,0.7159190853122251,1006.0
Clase 4,0.35,0.17073170731707318,0.22950819672131145,82.0
accuracy,0.6810366309494144,0.6810366309494144,0.6810366309494144,0.6810366309494144
macro avg,0.6087554003618935,0.5855270454549071,0.5854641511575999,4013.0
weighted avg,0.6882115652107507,0.6810366309494144,0.6768987632670332,4013.0
