,precision,recall,f1-score,support
Clase 0,0.8785714285714286,0.8994515539305301,0.8888888888888888,1094.0
Clase 1,0.5904334828101644,0.6340288924558587,0.6114551083591331,623.0
Clase 2,0.6859939759036144,0.7541390728476821,0.7184542586750787,1208.0
Clase 3,0.8194444444444444,0.5278330019880716,0.6420798065296252,1006.0
Clase 4,0.3024193548387097,0.9146341463414634,0.4545454545454546,82.0
accuracy,0.7216546224769499,0.7216546224769499,0.7216546224769499,0.7216546224769499
macro avg,0.6553725373136723,0.7460173335127211,0.6630847033996361,4013.0
weighted avg,0.7492742147389302,0.7216546224769499,0.723767439340446,4013.0
