,precision,recall,f1-score,support
Clase 0,0.8038910505836576,0.9442413162705667,0.8684321143337537,1094.0
Clase 1,0.5911602209944752,0.5152487961476726,0.5506003430531733,623.0
Clase 2,0.7334963325183375,0.4966887417218543,0.5923000987166831,1208.0
Clase 3,0.6527131782945736,0.8369781312127237,0.7334494773519165,1006.0
Clase 4,0.4935064935064935,0.4634146341463415,0.4779874213836478,82.0
accuracy,0.7062048342885622,0.7062048342885622,0.7062048342885622,0.7062048342885622
macro avg,0.6549534551795075,0.6513143238998318,0.6445538909678349,4013.0
weighted avg,0.7054348832624232,0.7062048342885622,0.6941521078550944,4013.0
