,precision,recall,f1-score,support
Clase 0,0.8757709251101321,0.9085923217550275,0.8918797667115298,1094.0
Clase 1,0.6100840336134454,0.5826645264847512,0.5960591133004925,623.0
Clase 2,0.7232375979112271,0.6879139072847682,0.7051336444633007,1208.0
Clase 3,0.7413162705667276,0.8061630218687873,0.7723809523809523,1006.0
Clase 4,0.825,0.4024390243902439,0.540983606557377,82.0
accuracy,0.7555444804385746,0.7555444804385746,0.7555444804385746,0.7555444804385746
macro avg,0.7550817654403066,0.6775545603567157,0.7012874166827305,4013.0
weighted avg,0.753865171063681,0.7555444804385746,0.7526136627742911,4013.0
