,precision,recall,f1-score,support
Clase 0,0.8822463768115942,0.8903107861060329,0.8862602365787079,1094.0
Clase 1,0.5813609467455622,0.6308186195826645,0.605080831408776,623.0
Clase 2,0.6855203619909502,0.7524834437086093,0.7174427782162588,1208.0
Clase 3,0.8176718092566619,0.5795228628230616,0.6783013379872018,1006.0
Clase 4,0.3402061855670103,0.8048780487804879,0.4782608695652174,82.0
accuracy,0.7288811363070022,0.7288811363070022,0.7288811363070022,0.7288811363070022
macro avg,0.6614011360743557,0.7316027522001713,0.6730692107512323,4013.0
weighted avg,0.7490527661769585,0.7288811363070022,0.7313215724369517,4013.0
