,precision,recall,f1-score,support
Clase 0,0.8413251961639059,0.8820840950639853,0.861222668451584,1094.0
Clase 1,0.5667351129363449,0.44301765650080255,0.4972972972972972,623.0
Clase 2,0.6576744186046511,0.5852649006622517,0.6193604905825668,1208.0
Clase 3,0.6728016359918201,0.6540755467196819,0.6633064516129032,1006.0
Clase 4,0.19938650306748465,0.7926829268292683,0.3186274509803922,82.0
accuracy,0.6655868427610266,0.6655868427610266,0.6655868427610266,0.6655868427610266
macro avg,0.5875845733528414,0.6714250251551979,0.5919628717849487,4013.0
weighted avg,0.688049981733461,0.6655868427610266,0.6712173011285727,4013.0
