,precision,recall,f1-score,support
Clase 0,0.868006993006993,0.9076782449725777,0.8873994638069704,1094.0
Clase 1,0.6229802513464991,0.5569823434991974,0.588135593220339,623.0
Clase 2,0.7127393838467944,0.7086092715231788,0.7106683271066834,1208.0
Clase 3,0.7530981887511916,0.7852882703777336,0.7688564476885645,1006.0
Clase 4,0.6774193548387096,0.5121951219512195,0.5833333333333334,82.0
accuracy,0.7545477199102916,0.7545477199102916,0.7545477199102916,0.7545477199102916
macro avg,0.7268488343580375,0.6941506504647814,0.7076786330311782,4013.0
weighted avg,0.7505284544246,0.7545477199102916,0.751810054032893,4013.0
