,precision,recall,f1-score,support
Clase 0,0.8734402852049911,0.8957952468007313,0.8844765342960289,1094.0
Clase 1,0.5806451612903226,0.5489566613162119,0.5643564356435644,623.0
Clase 2,0.6988817891373802,0.7243377483443708,0.711382113821138,1208.0
Clase 3,0.7614678899082569,0.742544731610338,0.7518872672370408,1006.0
Clase 4,0.5942028985507246,0.5,0.543046357615894,82.0
accuracy,0.7438325442312484,0.7438325442312484,0.7438325442312484,0.7438325442312484
macro avg,0.7017276048183352,0.6823268776143303,0.6910297417227333,4013.0
weighted avg,0.7416636291315606,0.7438325442312484,0.7424593505075249,4013.0
