,precision,recall,f1-score,support
Clase 0,0.8812375249500998,0.8071297989031079,0.8425572519083969,1094.0
Clase 1,0.5104438642297651,0.6276083467094703,0.5629949604031677,623.0
Clase 2,0.6802168021680217,0.6233443708609272,0.6505399568034558,1208.0
Clase 3,0.6946902654867256,0.6242544731610338,0.6575916230366491,1006.0
Clase 4,0.28205128205128205,0.8048780487804879,0.4177215189873417,82.0
accuracy,0.6780463493645652,0.6780463493645652,0.6780463493645652,0.6780463493645652
macro avg,0.6097279477771789,0.6974430076830054,0.6262810622278022,4013.0
weighted avg,0.7041537226357772,0.6780463493645652,0.6863060301692911,4013.0
