,precision,recall,f1-score,support
Clase 0,0.848384424192212,0.9360146252285192,0.8900478053020426,1094.0
Clase 1,0.6357267950963222,0.5826645264847512,0.6080402010050252,623.0
Clase 2,0.726643598615917,0.695364238410596,0.7106598984771574,1208.0
Clase 3,0.7588582677165354,0.7664015904572564,0.7626112759643917,1006.0
Clase 4,0.6666666666666666,0.5121951219512195,0.5793103448275863,82.0
accuracy,0.7575380014951408,0.7575380014951408,0.7575380014951408,0.7575380014951408
macro avg,0.7272559504575307,0.6985280205064686,0.7101339051152407,4013.0
weighted avg,0.7525676313303806,0.7575380014951408,0.7539718149720936,4013.0
